<?xml version="1.0" encoding="UTF-8"?>

<!DOCTYPE mapper
	PUBLIC "-//mybatis.org//DTD Mapper 3.0//EN"
	"http://mybatis.org/dtd/mybatis-3-mapper.dtd">
	
<mapper namespace="com.eco.admin.dao.IMusicManageDao">

	<select id="list" resultType="com.eco.dto.MusicVO" parameterType="com.eco.dto.search.SearchDTO">
		select * from(
		select * from(
		select rownum as rn, t.* from 
		((
			select * from music_view
			<where>
				<!-- searchkeywordTarget like searchKeyword -->
				<if test="searchkeywordTarget != ''">
					<choose>
						<when test="searchkeywordTarget == 'title'">and ${searchkeywordTarget} like '%'||#{searchKeyword}||'%'</when>
						<when test="searchkeywordTarget == 'abtitle'">and ${searchkeywordTarget} like '%'||#{searchKeyword}||'%'</when>
						<when test="searchkeywordTarget == 'name'">and ${searchkeywordTarget} like '%'||#{searchKeyword}||'%'</when>
					</choose>
				</if>


				<!-- selectedTheme like -->
				<if test="selectedTheme != ''">and theme like '%'||#{selectedTheme}||'%'</if>

				<!-- selectedChart like -->
				<if test="selectedChart != ''">and chart like '%'||#{selectedChart}||'%'</if>

				<!-- selectedGenre = -->
				<if test="selectedGenre != ''">and gseq = #{selectedGenre}</if>

			</where>
			order by
				<!-- searchFilter -->
				<choose>
					<when test="searchFilter == 'titleAsc'">title asc</when>
					<when test="searchFilter == 'titleDesc'">title desc</when>
					<when test="searchFilter == 'nameAsc'">name asc</when>
					<when test="searchFilter == 'nameDesc'">name desc</when>
					<when test="searchFilter == 'abtitleAsc'">abtitle asc</when>
					<when test="searchFilter == 'abtitleDesc'">abtitle desc</when>
					<when test="searchFilter == 'rankAsc'">rank asc</when>
					<when test="searchFilter == 'rankDesc'">rank desc</when>
					<when test="searchFilter == 'likecountAsc'">likecount asc</when>
					<when test="searchFilter == 'likecountDesc'">likecount desc</when>
					<otherwise>mseq desc</otherwise>
				</choose>
		)t)
		) where rn &gt;= #{paging.startNum}
		) where rn &lt;= #{paging.endNum}
	</select>

	<update id="update" parameterType="com.eco.dto.MusicVO">
		update music
			set
				mseq = #{mseq}
				, abseq = #{abseq}
				, atseq = #{atseq}
				, theme = #{theme}
				, chart = #{chart}
				, gseq = #{gseq}
				, title = #{title}
				, content = #{content}
				, titleyn = #{titleyn}
				, musicby = #{musicby}
				, lyricsby = #{lyricsby}
				, producingby = #{producingby}
				, src = #{src}
		where mseq = #{mseq}
	</update>
	
	<insert id="insert" parameterType="com.eco.dto.MusicVO">
		insert into music(
			mseq
			, abseq
			, atseq
			, theme
			, chart
			, gseq
			, title
			, content
			, titleyn
			, musicby
			, lyricsby
			, producingby
			, src
		) values(
			music_seq.nextval
			, #{abseq}
			, #{atseq}
			, #{theme}
			, #{chart}
			, #{gseq}
			, #{title}
			, #{content}
			, #{titleyn}
			, #{musicby}
			, #{lyricsby}
			, #{producingby}
			, #{src}
		)
		<selectKey keyProperty="mseq" resultType="int">
			select music_seq.currval as mseq from dual
		</selectKey>
	</insert>
	
	<delete id="delete">
		delete from music where mseq = #{param1}
	</delete>
	
</mapper>